OrganizeID,MatchID,TakecareID,RefereeName,Technican,MCName
1,69,43,Melvin,LI 39 11 60 I,Salvatore0
2,83,99,Harvey,OA 35 40 14 S,Larry
3,4,52,Malcolm,QM 72 75 59 K,Marshall
4,48,81,Ellen,SI 69 05 08 B,Rodolfo73
5,65,75,Jenna,XA 71 61 61 Q,Marty826
6,9,36,Lori,JO 24 98 07 D,Scot
7,89,9,Adam,JQ 04 65 78 P,Ramon5
8,52,,Julio,LU 86 94 58 I,Peter
9,39,50,Crystal,VB 29 59 99 U,Vivian3
10,7,37,Harry,AZ 58 60 13 V,Sabrina77
11,76,13,Richard,QE 61 77 56 N,Yvette07
12,2,85,Gabrielle,XZ 27 03 95 D,Trent46
13,40,68,Leon,BR 28 44 41 O,Alfredo458
14,11,94,Regina,PB 63 00 65 I,Aimee94
15,22,53,Esther,UU 51 44 02 D,Kent2
16,74,97,Beverly,CC 65 79 98 K,Tony41
17,51,24,Christine,HB 10 84 64 T,Milton856
18,64,47,Angie,ZB 30 56 07 H,Clarissa694
19,1,45,Johnny,FP 88 16 48 D,Ron
20,33,80,Heather,FG 34 83 65 R,Jonathon882
21,29,32,Maurice,OW 10 89 20 Y,Raul32
22,57,16,Sergio,EQ 05 10 34 W,Teddy10
23,43,78,Sammy,WL 89 18 27 T,Bridgette
24,81,92,Brett,ZH 49 36 26 H,Wayne5
25,90,25,Latonya,YN 45 24 41 Y,Leo0
26,75,8,Howard,CU 53 31 89 R,Gena9
27,58,86,Donnie,HM 12 58 69 F,Damon
28,42,11,Michelle,IM 98 46 57 F,Walter076
29,77,12,Adrienne,UY 36 71 75 W,Guadalupe521
30,88,21,Annette,BJ 01 35 82 Q,Angelica
31,82,35,Gary,AE 18 93 69 R,Candy018
32,26,66,Olga,YK 27 16 11 A,Bruce6
33,30,72,Colin,SX 20 67 64 Y,Derek411
34,93,29,Frances,JX 77 31 99 J,Trevor0
35,35,46,Jasmine,VN 10 14 09 C,Kim
36,24,79,Chanda,HA 97 28 17 C,Marcella
37,94,56,Mia,SQ 69 89 14 T,Dawn72
38,19,74,Lawrence,WU 88 62 38 B,Rachel2
39,85,57,Renee,TC 83 07 50 W,Gilberto537
40,25,17,Gloria,PG 48 22 53 D,Karen
41,37,20,Carey,WL 42 58 76 A,Isabel5
42,20,42,Lynette,ZR 92 98 46 T,Bridgett238
43,86,70,Jayson,ZV 35 60 65 J,Alexis
44,78,44,Julia,PH 95 41 54 J,Bethany
45,18,63,Simon,XE 50 78 79 H,Earl70
46,91,95,Nicole,QJ 30 60 66 L,Antonio57
47,96,6,Gregory,SI 02 93 55 B,Alan4
48,8,76,Juanita,BQ 05 63 03 M,Rachael
49,32,39,Johnny,DT 04 11 34 L,Katrina459
50,15,64,Christy,NH 58 33 96 U,
51,28,59,Sherman,LU 42 67 21 A,Karrie7
52,71,60,Noel,UY 22 60 35 U,Mindy
53,50,67,Marisol,FD 97 33 35 J,Walter9
54,27,30,Noah,NV 10 48 38 X,Drew55
55,100,34,Rose,SE 74 60 45 J,Clinton
56,53,65,Rogelio,OS 46 91 82 N,Lauren89
57,95,3,Robin,WH 87 00 12 Q,Marie882
58,56,87,Jack,NU 73 85 70 Z,Chandra92
59,17,26,Scot,XZ 33 11 26 Y,Shawna
60,23,41,Kareem,GI 65 77 10 Q,Vicky825
61,98,15,Lydia,BS 75 80 04 O,Adriana
62,5,5,Christa,ML 34 85 51 L,Ginger57
63,10,33,Nora,QF 48 68 44 J,Hilary
64,68,1,Misti,HB 82 17 30 B,Vicky286
65,14,40,Lorena,NV 12 32 60 Y,Tyrone641
66,87,2,Rebekah,UX 79 06 78 C,Tommy08
67,47,23,Frederick,FI 68 41 89 P,Roxanne877
68,99,83,Travis,ZA 54 90 28 G,Marci
69,34,91,Patrick,WA 30 09 07 C,Allison623
70,97,14,Rex,FN 60 17 01 Q,Owen1
71,41,49,Julie,FE 01 35 42 V,Esmeralda66
72,38,62,Billie,ZP 60 46 49 N,Howard125
73,73,77,Irene,XC 50 67 87 G,Bart5
74,84,28,Tami,BS 21 82 54 P,Jaime17
75,72,82,Terra,KE 77 59 29 L,Marty34
76,61,27,Teri,KE 17 41 74 G,Cindy7
77,21,18,Fred,DQ 95 90 40 B,Lillian8
78,63,84,Lakeisha,LT 24 77 72 U,Carey
79,49,55,Kisha,UE 73 44 80 V,Lesley2
80,79,31,Gretchen,TM 96 05 61 K,Edward40
81,45,73,Marcia,EM 69 17 71 S,Caroline8
82,16,93,Andre,UP 28 46 23 M,Shawn3
83,36,89,Juanita,HS 65 20 08 M,Clinton41
84,66,54,Ann,LR 36 25 59 W,Jody5
85,59,61,Perry,HZ 61 18 44 U,Leticia
86,55,10,Gregory,LK 65 88 76 D,Kimberly
87,70,69,Christina,,Amie19
88,44,58,Cathy,BG 12 76 33 L,Roderick0
89,13,96,Chris,OH 02 53 84 M,Traci269
90,12,71,Rachael,BB 82 55 93 G,Robert0
91,54,7,Barry,DB 01 27 57 K,Kathy32
92,62,22,Leonard,CO 23 62 67 P,Everett60
93,67,19,Rita,JX 33 89 58 U,Pete382
94,6,48,Scot,RF 74 47 93 X,Rene87
95,92,98,Edward,IQ 83 40 35 X,Molly61
96,31,88,Jacob,BO 60 56 31 N,Allen187
97,46,90,Roderick,QE 49 47 20 P,Darrell1
98,3,4,Allison,ZJ 28 82 81 F,Rene34
99,60,51,Claudia,YK 92 31 26 X,Traci2
100,80,38,Marco,RM 63 08 19 B,Betty4
